<?xml version="1.0" encoding="UTF-8" standalone="yes"?>
<manifest>
  <control namespace="Sample" constructor="LoyaltyLevel" version="2.0.0" display-name-key="LoyaltyLevel" description-key="Loyalty Level Badge" control-type="standard" api-version="1.2.1">
    <property name="loyaltyLevel" display-name-key="Member Loyalty Level" description-key="Member's level of loyalty: Platinum, Gold, Silver, or Bronze" of-type="OptionSet" usage="bound" required="true"/>
    <resources>
      <code path="bundle.js" order="1"/>
      <img path="images/bronze_badge.png"/>
      <img path="images/silver_badge.png"/>
      <img path="images/gold_badge.png"/>
      <img path="images/platinum_badge.png"/>
      <img path="images/no_member_badge.png"/>
    </resources>
    <built-by name="pac" version="1.1.6"/>
  </control>
</manifest>