<?xml version="1.0" encoding="UTF-8" standalone="yes"?>
<manifest>
  <control namespace="Sample" constructor="LoyaltyLevel" version="3.0.0" display-name-key="LoyaltyLevel_Display_Key" description-key="LoyaltyLevel_Desc_Key" control-type="standard" api-version="1.2.1">
    <property name="loyaltyLevel" display-name-key="loyaltyLevel_Display_Key" description-key="loyaltyLevel_Desc_Key" of-type="OptionSet" usage="bound" required="true"/>
    <resources>
      <code path="bundle.js" order="1"/>
      <css path="css/LoyaltyLevels.css" order="1"/>
      <img path="images/bronze_medal_1.png"/>
      <img path="images/silver_medal_1.png"/>
      <img path="images/gold_medal_1.png"/>
      <img path="images/platinum_medal_1.png"/>
      <resx path="strings/LoyaltyLevel.1033.resx" version="1.0.0"/>
    </resources>
    <built-by name="pac" version="1.1.6"/>
  </control>
</manifest>